連番,氏名,氏名（カタカナ）,性別,電話番号,郵便番号,住所,,,,,生年月日,年齢,出身地,血液型
1,茂木花,モギハナ,女,0185604998,010-1623,秋田県,秋田市,新屋町,1-18-7,,1999/08/08,21,京都府,A
2,古山英次,フルヤマエイジ,男,0196482390,026-0301,岩手県,釜石市,鵜住居町,4-12,鵜住居町庵200,1963/05/20,57,福島県,A
3,奥村菜穂子,オクムラナホコ,女,0774229669,605-0953,京都府,京都市東山区,今熊野南日吉町,2-16,,2009/03/31,11,長崎県,O
4,小原和葉,オハラカズハ,女,0766065673,939-1911,富山県,南砺市,篭渡,4-6-14,,1987/12/06,33,長崎県,B
5,国分司,コクブツカサ,女,0873368849,763-0095,香川県,丸亀市,垂水町,2-15,,1986/04/30,34,福島県,A
6,滝田雅史,タキタマサシ,男,0996827405,894-1524,鹿児島県,大島郡瀬戸内町,伊須,3-20-10,,1998/03/22,22,島根県,O
7,海野華凛,ウミノカリン,女,058443159,505-0008,岐阜県,美濃加茂市,伊深町,3-15-18,,1962/06/02,58,兵庫県,B
8,浦田輝雄,ウラタテルオ,男,0241279955,960-8017,福島県,福島市,狐塚,4-3-2,狐塚庵108,1965/02/05,55,静岡県,O
9,内村芳夫,ウチムラヨシオ,男,0265426755,393-0074,長野県,諏訪郡下諏訪町,緑町,3-8,,1969/01/29,51,京都府,B
10,富永重彦,トミナガシゲヒコ,男,0889576396,785-0655,高知県,高岡郡檮原町,下組,3-1-8,,1978/05/29,42,山口県,B
11,石橋寿々音,イシバシスズネ,女,0648512236,564-0073,大阪府,吹田市,山手町,4-14-4,山手町ハウス302,1993/08/19,27,鳥取県,O
12,北川浩寿,キタガワヒロヒサ,男,0529012266,441-0155,愛知県,豊橋市,梅薮町,3-6,,1969/06/21,51,岐阜県,AB
13,落合玲二,オチアイレイジ,男,0467679241,355-0134,埼玉県,比企郡吉見町,大串,1-4-12,,1988/05/30,32,北海道,A
14,松田三男,マツダミツオ,男,0769247355,926-0829,石川県,七尾市,徳田新町,3-14-6,,2004/08/13,16,島根県,O
15,下田芽衣,シモダメイ,女,0896612978,798-4101,愛媛県,南宇和郡愛南町,御荘菊川,4-10-3,,1965/01/27,55,茨城県,O
16,三井千咲,ミツイチサキ,女,0228526811,987-0373,宮城県,登米市,豊里町南切津,2-7,,1985/04/15,35,福島県,A
17,相良貴英,サガラタカヒデ,男,0293430716,319-2602,茨城県,常陸大宮市,小田野,3-11,,1981/12/21,39,新潟県,B
18,杉村空,スギムラソラ,女,0888791590,780-8005,高知県,高知市,南新田町,2-1-5,,1989/02/25,31,群馬県,A
19,今野希理都,コンノキリト,男,0431183769,337-0014,埼玉県,さいたま市見沼区,大谷,2-19,,2008/01/07,13,新潟県,O
20,梅木愛理,ウメキアイリ,女,043282484,270-0176,千葉県,流山市,加,3-8-7,,1986/11/14,34,静岡県,O
21,岡部莉緒,オカベリオ,女,0987443483,880-1102,宮崎県,東諸県郡国富町,宮王丸,1-1-8,,1974/10/15,46,徳島県,O
22,大江伸子,オオエノブコ,女,0532625417,486-0824,愛知県,春日井市,割塚町,3-20-2,,1961/05/03,59,奈良県,A
23,北野敏明,キタノトシアキ,男,0250376883,950-1305,新潟県,新潟市南区,大別當,1-17-15,リバーサイド大別當108,1966/02/28,54,東京都,A
24,滝田春揮,タキタハルキ,男,0862436834,707-0436,岡山県,美作市,川戸,1-4-3,,2001/02/24,19,沖縄県,AB
25,亀田雅美,カメダマサミ,女,0536339910,422-8007,静岡県,静岡市駿河区,聖一色,4-12-2,,1985/10/09,35,福島県,B
26,小栗政幸,オグリマサユキ,男,0451710812,254-0914,神奈川県,平塚市,高村,2-9,,1952/11/06,68,鳥取県,O
27,岡崎要大,オカザキカナタ,男,0738345759,649-1201,和歌山県,日高郡日高町,原谷,3-17-13,ガーデン原谷111,2007/12/04,13,京都府,A
28,根岸怜那,ネギシレイナ,女,0778080523,918-8239,福井県,福井市,成和,1-2-11,成和荘116,2009/03/29,11,佐賀県,A
29,江頭凛香,エガシラリンカ,女,0530565799,425-0006,静岡県,焼津市,関方,1-10-14,リバーサイド関方211,1969/09/19,51,千葉県,O
30,柿崎和泉,カキザキイズミ,女,0980439515,903-0112,沖縄県,中頭郡西原町,我謝,2-8,,1996/01/31,24,富山県,B
31,三輪好子,ミワヨシコ,女,0866893206,706-0306,岡山県,玉野市,石島,2-19-17,,1952/01/19,68,滋賀県,O
32,真野輝男,マノテルオ,男,0859108146,682-0016,鳥取県,倉吉市,海田西町,3-18,海田西町スカイ115,1962/06/30,58,熊本県,AB
33,高松正博,タカマツマサヒロ,男,0950550839,811-5733,長崎県,壱岐市,芦辺町国分川迎触,4-1-12,,1987/02/11,33,長野県,B
34,和田雫,ワダシズク,女,0233434714,990-1132,山形県,西村山郡大江町,堂屋敷,4-7,ガーデン堂屋敷407,1965/06/12,55,和歌山県,O
35,平川瑞晃,ヒラカワミズキ,男,0261298964,384-1402,長野県,南佐久郡川上村,梓山,3-15-1,梓山アパート218,2010/08/26,10,山口県,O
36,柳沢梨乃,ヤナギサワリノ,女,0890387638,791-3153,愛媛県,伊予郡松前町,大溝,3-1,,2008/05/21,12,鳥取県,O
37,江川遥,エガワハルカ,女,0143386831,089-5301,北海道,中川郡豊頃町,統内,3-8-6,,1951/09/24,69,愛媛県,O
38,工藤凛香,クドウリンカ,女,0268887951,385-0027,長野県,佐久市,佐久平駅北,1-8-17,,1987/11/10,33,富山県,AB
39,久米桜,クメサクラ,女,0288302167,325-0104,栃木県,那須塩原市,鹿野崎新田,3-4,鹿野崎新田タウン115,1971/09/04,49,栃木県,A
40,進藤七美,シンドウナナミ,女,0442559196,231-0021,神奈川県,横浜市中区,日本大通,3-17,,1997/10/03,23,青森県,B
41,黒岩沙彩,クロイワサアヤ,女,0174094303,039-2624,青森県,上北郡東北町,道ノ北,4-19-4,,1986/03/30,34,兵庫県,A
42,松沢愛子,マツザワアイコ,女,0174286912,039-2834,青森県,上北郡七戸町,向中野川向,4-14-14,向中野川向シーサイド415,1996/12/06,24,福島県,B
43,米田美代子,ヨネダミヨコ,女,0251262498,959-3134,新潟県,村上市,羽ヶ榎,4-9,,1992/01/07,29,香川県,A
44,前島志帆,マエジマシホ,女,0761883923,937-0057,富山県,魚津市,港町,1-8-14,,1971/05/10,49,鹿児島県,A
45,木田心春,キダコハル,女,0984976355,885-1201,宮崎県,都城市,高城町高城,2-20,プラチナ高城町高城100,1984/12/19,36,福井県,B
46,谷内桐伍,タニウチトウゴ,男,0393811093,108-0073,東京都,港区,三田,1-17-5,,2006/04/20,14,福岡県,A
47,大石真桜,オオイシマオ,女,0416546467,272-0143,千葉県,市川市,相之川,1-7-17,,1960/07/22,60,香川県,A
48,本村昌,モトムラマサシ,男,0229610953,985-0862,宮城県,多賀城市,高崎,3-10-13,高崎プラチナ212,2004/01/23,16,山口県,B
49,堀内蘭,ホリウチラン,女,0885903413,786-0012,高知県,高岡郡四万十町,北琴平町,3-11,,1994/09/15,26,京都府,O
50,坪井菜々子,ツボイナナコ,女,0765727619,930-0314,富山県,中新川郡上市町,若杉,1-13-17,,1995/12/14,25,大分県,B
51,坪田倫太郎,ツボタリンタロウ,男,0363595010,160-0005,東京都,新宿区,愛住町,4-9,愛住町ロイヤルパレス101,2005/04/14,15,宮崎県,B
52,菅谷花,スガヤハナ,女,0746746017,639-1037,奈良県,大和郡山市,額田部北町,3-7-16,,1971/04/06,49,秋田県,A
53,石村紗夕,イシムラサユ,女,0263293028,389-0501,長野県,東御市,新張,3-12-15,新張テラス304,1994/07/17,26,大阪府,A
54,浜口喜代,ハマグチキヨ,女,0577668716,501-6112,岐阜県,岐阜市,柳津町北塚,4-15-5,,2007/06/26,13,石川県,O
55,北里香,キタリカ,女,0924083003,833-0042,福岡県,筑後市,長崎,3-8-2,,1976/12/17,44,青森県,A
56,細田清志,ホソダキヨシ,男,0887510228,781-2165,高知県,高岡郡日高村,宮ノ谷,1-16,,1996/03/26,24,宮城県,A
57,山口順子,ヤマグチジュンコ,女,0156426240,061-3363,北海道,石狩市,若生町,2-18,ハウス若生町311,1952/12/15,68,広島県,O
58,並木良三,ナミキリョウゾウ,男,01589705,002-8025,北海道,札幌市北区,篠路五条,2-17-1,篠路五条ランド212,1954/12/16,66,山梨県,A
59,安達里歩,アダチリホ,女,0979388638,870-0117,大分県,大分市,南,3-5-13,,1963/01/29,57,長野県,O
60,安原喜作,ヤスハラキサク,男,0993932204,894-0506,鹿児島県,奄美市,笠利町手花部,1-13-14,パーク笠利町手花部214,1995/08/13,25,京都府,O
61,毛利幸司,モウリコウジ,男,0229035859,984-0041,宮城県,仙台市若林区,志波町,2-6-16,志波町コンフォート403,1992/02/05,28,青森県,O
62,高見穂乃佳,タカミホノカ,女,0747320309,633-2424,奈良県,吉野郡東吉野村,中黒,4-12-14,,1977/05/07,43,山梨県,AB
63,石川詩穂,イシカワシホ,女,0608790000,560-0034,大阪府,豊中市,蛍池南町,3-11-3,蛍池南町ヴィレッジ301,1959/10/31,61,山梨県,B
64,山野真悠,ヤマノマユ,女,0252998774,949-3402,新潟県,上越市,吉川区伯母ケ沢,2-14-13,フォレスト吉川区伯母ケ沢300,1991/04/15,29,愛知県,A
65,中田安則,ナカダヤスノリ,男,0238325511,996-0026,山形県,新庄市,大町,3-15-16,,1977/03/09,43,香川県,O
66,吉村奏音,ヨシムラカノン,女,0555821497,408-0314,山梨県,北杜市,白州町大坊,2-11,白州町大坊マンション318,1993/11/23,27,鳥取県,B
67,船橋龍,フナバシリュウ,男,0162615930,051-0006,北海道,室蘭市,茶津町,1-13-2,,2003/12/06,17,福島県,B
68,鈴木友菜,スズキユウナ,女,0431370008,270-0211,千葉県,野田市,東高野,2-14-1,,2003/01/07,18,神奈川県,A
69,大槻優奈,オオツキユウナ,女,0734224942,649-1221,和歌山県,日高郡日高町,志賀,1-9,グランド志賀401,2004/08/04,16,熊本県,B
70,篠崎陽香,シノザキハルカ,女,0889347640,787-0021,高知県,四万十市,中村京町,2-6-14,,2005/11/10,15,大阪府,B
71,井口正記,イグチマサキ,男,0887859197,779-3307,徳島県,吉野川市,川島町三ツ島,3-6-9,,1959/12/31,61,埼玉県,A
72,加賀弓子,カガユミコ,女,023393696,992-0344,山形県,東置賜郡高畠町,深沼,2-15-13,,1982/09/28,38,鳥取県,O
73,近藤光枝,コンドウミツエ,女,0972367204,879-5407,大分県,由布市,庄内町南大津留,2-9-13,,2001/09/28,19,高知県,B
74,細谷樹,ホソヤイツキ,女,061425908,550-0002,大阪府,大阪市西区,江戸堀,1-11-1,,1996/07/20,24,長崎県,O
75,関谷諒花,セキヤリョウカ,女,0469569633,231-0051,神奈川県,横浜市中区,赤門町,4-16-14,メゾン赤門町100,2010/12/07,10,愛知県,A
76,山下房子,ヤマシタフサコ,女,0531933721,454-0823,愛知県,名古屋市中川区,富船町,4-3,,1964/06/27,56,山口県,O
77,新川心海,シンカワココミ,女,0833778628,756-0024,山口県,山陽小野田市,萩森,1-20-19,萩森マンション400,1998/07/04,22,京都府,A
78,笠井珠希,カサイタマキ,女,0265492935,381-0014,長野県,長野市,北尾張部,2-7-16,北尾張部フォレスト208,2008/02/26,12,香川県,O
79,島津孝太郎,シマヅコウタロウ,男,0745909875,630-8331,奈良県,奈良市,三棟町,1-15-1,三棟町ガーデン211,1994/03/13,26,神奈川県,A
80,田代義久,タシロヨシヒサ,男,0744670134,634-0029,奈良県,橿原市,下八釣町,1-10-15,,1996/05/27,24,埼玉県,O
81,内田楓晴,ウチダフウセイ,男,0825533506,720-1604,広島県,神石郡神石高原町,坂瀬川,2-9-19,タウン坂瀬川108,2008/07/13,12,山形県,B
82,滝田初江,タキタハツエ,女,0824014325,734-0053,広島県,広島市南区,青崎,4-18-2,,1960/12/03,60,三重県,B
83,小菅源,コスゲゲン,男,0965424643,867-0046,熊本県,水俣市,山手町,4-17-7,山手町テラス415,1993/09/28,27,徳島県,O
84,長坂奈穂,ナガサカナホ,女,0767832014,933-0335,富山県,高岡市,今市,2-4-2,,1973/04/10,47,埼玉県,A
85,野沢俊男,ノザワトシオ,男,0965392411,869-5137,熊本県,八代市,日奈久浜町,3-13,,1956/07/24,64,千葉県,O
86,大田泉,オオタイズミ,女,0693746012,577-0807,大阪府,東大阪市,菱屋西,1-8-16,,1958/08/15,62,和歌山県,A
87,藤田杏子,フジタキョウコ,女,0396190292,131-0044,東京都,墨田区,文花,3-16,文花ロイヤル215,2010/11/24,10,岩手県,O
88,大木梨花,オオキリカ,女,0946182014,811-4301,福岡県,遠賀郡遠賀町,島津,2-14-19,,1994/12/31,26,京都府,O
89,天野千鶴子,アマノチヅコ,女,0898438001,792-0835,愛媛県,新居浜市,山根町,4-14-13,山根町プレイス413,1964/03/16,56,新潟県,O
90,蛭田勝雄,ヒルタカツオ,男,0599069656,515-0832,三重県,松阪市,丹生寺町,3-11,ハイツ丹生寺町419,1960/04/02,60,和歌山県,A
91,広川克子,ヒロカワカツコ,女,0855358089,699-2214,島根県,大田市,富山町神原,4-17-16,ハウス富山町神原208,1977/01/05,44,岐阜県,A
92,豊田遥花,トヨダハルカ,女,0856163307,690-2512,島根県,雲南市,三刀屋町多久和,1-1-8,,1966/10/23,54,神奈川県,A
93,垣内千鶴,カキウチチヅル,女,0235595894,999-4113,山形県,北村山郡大石田町,今宿,1-12-1,グランド今宿316,1988/02/12,32,大分県,O
94,滝本清三,タキモトセイゾウ,男,0993998544,894-0023,鹿児島県,奄美市,名瀬永田町,1-6,,1960/06/07,60,山梨県,AB
95,大谷謙信,オオヤケンシン,男,0420548966,343-0021,埼玉県,越谷市,大林,1-4-4,,2005/10/02,15,長崎県,B
96,大庭由衣香,オオニワユイカ,女,0761035412,929-0445,石川県,河北郡津幡町,井野河内,2-18-17,,1999/06/09,21,大分県,O
97,塩田太陽,シオダタイヨウ,男,0241275584,976-0021,福島県,相馬市,原釜,2-6-3,原釜ステーション203,1969/05/22,51,茨城県,A
98,秋本茂夫,アキモトシゲオ,男,0735498912,519-3204,三重県,北牟婁郡紀北町,東長島,2-9-13,,2001/11/04,19,山形県,O
99,青山悠里,アオヤマユウリ,女,0748629356,527-0108,滋賀県,東近江市,小八木町,1-12-5,グリーン小八木町309,1967/11/13,53,宮城県,A
100,木本愛奈,キモトアイナ,女,0412899627,283-0047,千葉県,東金市,北幸谷,1-15-3,北幸谷タワー307,1988/06/29,32,香川県,A
101,大久保春代,オオクボハルヨ,女,0274500747,370-0815,群馬県,高崎市,柳川町,4-10-4,ハイツ柳川町100,1956/04/10,64,佐賀県,O
102,赤木巌,アカギイワオ,男,0557099033,408-0018,山梨県,北杜市,高根町村山西割,1-6,高根町村山西割の杜109,1955/11/21,65,岡山県,O
103,島袋藍,シマブクロアイ,女,0266918645,389-1227,長野県,上水内郡飯綱町,高坂,3-5-1,高坂グランド406,1987/05/10,33,鳥取県,O
104,碓井莉彩,ウスイリサ,女,0772697359,606-8413,京都府,京都市左京区,浄土寺下馬場町,3-10,ザ浄土寺下馬場町309,2008/02/10,12,埼玉県,B
105,森脇勝也,モリワキカツヤ,男,0974666663,870-0047,大分県,大分市,中島西,3-7-19,,1995/11/28,25,青森県,B
106,坂柑奈,バンカンナ,女,022474192,988-0114,宮城県,気仙沼市,松崎浦田,2-4,松崎浦田プラチナ217,1971/06/20,49,佐賀県,A
107,坪田小春,ツボタコハル,女,0142769164,080-0106,北海道,河東郡音更町,東通,4-17-8,,1999/06/30,21,大阪府,O
108,安斉美穂,アンザイミホ,女,0220213026,987-0035,宮城県,遠田郡美里町,志賀殿,4-14,,1959/09/28,61,富山県,O
109,木村美也子,キムラミヤコ,女,0831638109,740-0028,山口県,岩国市,楠町,4-11-19,,1965/02/03,55,愛知県,O
110,辻一也,ツジカズヤ,男,0961043669,861-4723,熊本県,下益城郡美里町,境,1-3-5,境ランド416,1959/02/27,61,岐阜県,A
111,金谷祐司,カナヤユウジ,男,0153904506,001-0931,北海道,札幌市北区,新川西一条,1-12-7,,1971/12/01,49,岐阜県,A
112,濱田恭平,ハマダキョウヘイ,男,0762222647,939-8252,富山県,富山市,秋ケ島,1-16-18,秋ケ島パレス315,2000/05/28,20,熊本県,B
113,浜明紀,ハマアキノリ,男,0550545355,410-3207,静岡県,伊豆市,持越,2-1-19,持越ヒル101,1954/11/27,66,鳥取県,AB
114,永瀬武志,ナガセタケシ,男,0738070065,643-0124,和歌山県,有田郡有田川町,中峯,4-6,中峯グランド307,2000/02/01,20,長崎県,B
115,西島瑞樹,ニシジマミズキ,女,07687233,939-0276,富山県,射水市,北野,3-3-14,,2006/03/18,14,長野県,A
116,多田五月,オオタサツキ,女,0865879497,702-8005,岡山県,岡山市中区,江崎,2-16-4,ザ江崎109,1973/01/03,48,神奈川県,O
117,武内璃音,タケウチリオン,女,0151794170,073-0135,北海道,砂川市,東五条南,2-19-8,,1974/09/13,46,富山県,O
118,田渕遙,タブチハルカ,女,0880384356,787-0816,高知県,幡多郡三原村,下切,2-9-8,,1974/03/12,46,宮城県,O
119,吾妻亜依,アズマアイ,女,0551545753,403-0006,山梨県,富士吉田市,新屋,2-5-1,ザ新屋404,1958/09/19,62,熊本県,A
120,芦田春,アシダハル,女,0984681525,881-1231,宮崎県,西都市,上揚,1-6,上揚ステーション219,1987/04/19,33,富山県,AB
121,奥村篤武,オクムラアツム,男,0983287259,885-1205,宮崎県,都城市,高城町石山,1-6,高城町石山ガーデン418,2003/06/03,17,和歌山県,B
122,二宮良一,ニノミヤリョウイチ,男,092607051,812-0886,福岡県,福岡市博多区,南八幡町,1-17,,1993/09/02,27,熊本県,A
123,坂元亀吉,サカモトカメキチ,男,0765264752,939-0247,富山県,射水市,あおば台,4-2,,2000/11/01,20,新潟県,B
124,望月絵里,モチヅキエリ,女,0197102050,020-0744,岩手県,滝沢市,篠木館が沢,4-17-8,,1970/11/13,50,徳島県,A
125,金沢成美,カナザワナルミ,女,0477722851,270-0145,千葉県,流山市,名都借,1-9-5,,1954/01/12,66,兵庫県,A
126,正木華凛,マサキカリン,女,0117511975,088-2302,北海道,川上郡標茶町,富士,1-13,,1961/10/21,59,山口県,B
127,石野幸三郎,イシノコウザブロウ,男,0259199465,943-0841,新潟県,上越市,南本町,3-11-18,ロイヤル南本町300,1981/10/09,39,千葉県,O
128,川嶋帆夏,カワシマホノカ,女,063116643,571-0074,大阪府,門真市,宮前町,4-10-9,,2010/09/20,10,北海道,B
129,北田章,キタダアキラ,男,0457317202,286-0017,千葉県,成田市,赤坂,1-12-5,赤坂の杜311,2000/11/21,20,奈良県,B
130,浜幸治,ハマコウジ,男,077642709,917-0017,福井県,小浜市,羽賀,2-15-10,羽賀の杜407,1956/01/04,65,岩手県,O
131,土井隆之介,ドイリュウノスケ,男,0773338873,614-8214,京都府,八幡市,戸津水戸城,3-17-5,,2005/12/28,15,山形県,A
132,鈴木陽和,スズキヒヨリ,女,0529157089,444-0071,愛知県,岡崎市,稲熊町,1-16,,1983/10/20,37,長崎県,B
133,菊地涼音,キクチスズネ,女,0239760073,995-0202,山形県,村山市,白鳥,3-11-15,,1993/06/29,27,山形県,O
134,荒川心愛,アラカワココア,女,0768034530,920-2366,石川県,白山市,渡津町,3-11,,1990/05/26,30,長崎県,O
135,加賀肇,カガハジメ,男,0863829084,709-2421,岡山県,加賀郡吉備中央町,細田,2-15-16,細田アパート118,1984/03/30,36,福島県,A
136,工藤治彦,クドウハルヒコ,男,0644401752,590-0031,大阪府,堺市堺区,五月町,1-16,,1953/03/22,67,和歌山県,B
137,金井夏南太,カネイカナタ,男,0258550385,943-0427,新潟県,上越市,元屋敷,4-19-8,レジデンス元屋敷111,2009/01/28,11,宮城県,A
138,土谷琴乃香,ツチヤコノカ,女,0291162256,312-0042,茨城県,ひたちなか市,東大島,1-3-16,ハウス東大島118,2006/04/03,14,佐賀県,O
139,山元梨子,ヤマモトリコ,女,0866700876,709-0733,岡山県,赤磐市,可真上,4-15-15,,1976/10/16,44,広島県,B
140,藤巻千咲,フジマキチサキ,女,0282906597,324-0617,栃木県,那須郡那珂川町,北向田,1-4-9,,1978/07/07,42,山形県,A
141,生田明日乃,イクタアスノ,女,0855227144,693-0213,島根県,出雲市,朝山町,2-18-3,朝山町ロイヤル203,2008/12/26,12,神奈川県,AB
142,羽鳥幹男,ハトリミキオ,男,0364566923,152-0023,東京都,目黒区,八雲,2-13-4,,1968/05/31,52,群馬県,B
143,松川政吉,マツカワマサキチ,男,0766617017,939-1506,富山県,南砺市,高儀,2-15,,1986/08/22,34,京都府,B
144,安東正太郎,アンドウショウタロウ,男,0991216128,891-2121,鹿児島県,垂水市,栄町,3-10,,1965/05/01,55,福井県,O
145,福本良子,フクモトヨシコ,女,0245813128,974-8202,福島県,いわき市,添野町,2-2-13,,1968/01/06,53,長崎県,O
146,河合沙和,カワイサワ,女,0245184760,973-8402,福島県,いわき市,内郷御厩町,1-4,,1960/10/05,60,徳島県,A
147,荒川比奈,アラカワヒナ,女,0991322550,897-0132,鹿児島県,南九州市,川辺町中山田,3-15-1,,1956/05/23,64,東京都,O
148,唐沢邦子,カラサワクニコ,女,0178847475,037-0611,青森県,五所川原市,神山,3-19-13,神山プレシャス101,1975/07/16,45,鹿児島県,B
149,成瀬佳那子,ナルセカナコ,女,0749034389,529-1625,滋賀県,蒲生郡日野町,蔵王,4-13,,1983/06/22,37,徳島県,B
150,相良一華,サガライチカ,女,074007193,522-0237,滋賀県,彦根市,堀町,3-16-9,,1959/05/25,61,群馬県,O
151,小久保清人,コクボキヨト,男,0770531673,919-0616,福井県,あわら市,河原井手,4-7-20,,1954/04/06,66,高知県,B
152,大野一子,オオノイチコ,女,0835084964,742-2807,山口県,大島郡周防大島町,秋,4-16-7,秋ロイヤル406,1977/10/04,43,熊本県,A
153,飯島李都,イイジマリト,男,0889591863,771-1615,徳島県,阿波市,市場町大影,1-19-8,,2004/07/10,16,奈良県,AB
154,堀井優奈,ホリイユウナ,女,0256664986,950-1136,新潟県,新潟市中央区,曽川,4-15-14,,1952/07/14,68,岡山県,AB
155,平田和利,ヒラタカズトシ,男,0747486603,639-3623,奈良県,吉野郡川上村,井光,3-10-15,グランド井光210,1997/03/02,23,宮城県,A
156,松山雅樹,マツヤママサキ,男,0737599721,649-1441,和歌山県,日高郡日高川町,山野,3-6-7,グランド山野301,2001/10/25,19,新潟県,B
157,森雅紹,モリマサツグ,男,0886226288,788-0004,高知県,宿毛市,長田町,3-5-7,,1972/09/24,48,山梨県,AB
158,本田理穂,ホンダリホ,女,0868038451,708-1511,岡山県,久米郡美咲町,行信,2-19-6,,1982/11/02,38,高知県,O
159,宍戸和佳子,シシドワカコ,女,0144146421,003-0871,北海道,札幌市白石区,米里一条,4-12-5,,1985/06/20,35,熊本県,O
160,桜井有香,サクライユカ,女,0967022499,869-6303,熊本県,葦北郡芦北町,告,4-16-15,,2010/02/01,10,富山県,A
161,矢田亜紀子,ヤダアキコ,女,0464492407,276-0025,千葉県,八千代市,勝田台南,3-15-5,勝田台南コート415,1986/05/28,34,大阪府,A
162,今西亜紀子,イマニシアキコ,女,059406465,519-2702,三重県,度会郡大紀町,三瀬川,4-20-20,三瀬川パーク307,2006/10/30,14,北海道,A
163,北岡昌己,キタオカマサミ,女,0779904141,919-0526,福井県,坂井市,坂井町上兵庫,4-11,坂井町上兵庫グリーン206,1992/12/25,28,鳥取県,B
164,長谷部絢子,ハセベアヤコ,女,074922927,521-0001,滋賀県,米原市,朝妻筑摩,2-2-6,ダイヤモンド朝妻筑摩309,1966/07/31,54,沖縄県,A
165,清田日菜乃,キヨタヒナノ,女,0529538002,489-0856,愛知県,瀬戸市,広久手町,4-3,,1994/03/01,26,福井県,AB
166,平良亜抄子,ヒラヨシアサコ,女,0112904008,071-0549,北海道,空知郡上富良野町,北町,2-18-10,,1992/03/29,28,高知県,B
167,柳田芳美,ヤナギダヨシミ,女,078760779,667-1117,兵庫県,養父市,轟,1-3-19,轟スカイ110,1958/07/19,62,愛知県,A
168,河内賢次,カワウチケンジ,男,0775189627,606-0901,京都府,京都市左京区,松ケ崎東桜木町,3-4,メゾン松ケ崎東桜木町211,1989/03/15,31,山形県,B
169,宮島喜代志,ミヤジマキヨシ,男,0529594445,485-0016,愛知県,小牧市,間々原新田,2-4,間々原新田アパート315,1964/09/11,56,埼玉県,A
170,長谷部志保,ハセベシホ,女,0958037919,856-0836,長崎県,大村市,幸町,2-14,,1953/09/16,67,宮崎県,AB
171,早川雫,ハヤカワシズク,女,0932077832,811-0122,福岡県,糟屋郡新宮町,杜の宮,4-20,杜の宮ロイヤル415,1956/08/01,64,佐賀県,AB
172,大江林檎,オオエリンゴ,女,0955224115,847-0084,佐賀県,唐津市,和多田西山,4-15-4,,1976/06/02,44,広島県,A
173,松野瑞希,マツノミズキ,女,0438098059,286-0807,千葉県,成田市,北羽鳥,2-13-8,,2005/01/20,15,兵庫県,B
174,菊池玲,キクチレイ,女,026751492,380-0826,長野県,長野市,北石堂町,4-3,,1999/06/24,21,青森県,A
175,黒田彩来,クロダサラ,女,0577325741,507-0831,岐阜県,多治見市,新町,2-11-2,タウン新町210,2010/01/18,10,千葉県,O
176,島村淳三,シマムラジュンゾウ,男,079709990,654-0039,兵庫県,神戸市須磨区,鷹取町,2-1-11,鷹取町ステーション319,1970/10/03,50,三重県,AB
177,谷川架純,タニガワカスミ,女,0259701444,954-0061,新潟県,見附市,熱田町,1-17-19,コンフォート熱田町409,2004/02/27,16,香川県,A
178,森島春菜,モリシマハルナ,女,0955445697,857-1152,長崎県,佐世保市,黒髪町,1-11-15,黒髪町グリーン110,1955/02/11,65,山口県,B
179,飛田明日翔,トビタアスト,男,0479816971,319-2145,茨城県,常陸大宮市,宇留野,2-4-6,,2001/12/02,19,北海道,A
180,田端治夫,タバタハルオ,男,0979584205,872-0343,大分県,宇佐市,院内町宮原,1-2-19,プレイス院内町宮原101,1951/07/30,69,新潟県,O
181,碓井静奈,ウスイシズナ,女,0230999369,997-1132,山形県,鶴岡市,栃屋,2-5-17,,2009/03/24,11,鳥取県,AB
182,寺沢五郎,テラサワゴロウ,男,0778068917,918-8058,福井県,福井市,加茂緑苑町,1-16-14,,1977/04/07,43,香川県,A
183,長岡紗弥,ナガオカサヤ,女,0778873210,919-1555,福井県,三方上中郡若狭町,武生,3-15-8,,1953/12/29,67,長野県,A
184,那須円美,ナスマルミ,女,0453480552,221-0045,神奈川県,横浜市神奈川区,神奈川,2-16-1,,1966/05/02,54,石川県,A
185,田口咲楽,タグチサクラ,女,0973252589,878-0576,大分県,竹田市,倉木,3-18,タウン倉木114,2006/10/10,14,宮崎県,O
186,安達雅美,アダチマサミ,女,0175950627,036-0383,青森県,黒石市,緑町,4-15-20,ドリーム緑町202,1974/05/06,46,新潟県,A
187,高橋遼,タカハシハルカ,女,0956350822,858-0913,長崎県,佐世保市,新田町,3-3-11,,1986/09/09,34,宮城県,O
188,島本忠一,シマモトチュウイチ,男,0990418085,899-1801,鹿児島県,薩摩川内市,西方町,1-2-2,西方町パレス112,1975/11/26,45,岩手県,O
189,大淵義美,オオブチヨシミ,女,07603738,928-0013,石川県,輪島市,石休場町,1-10,,1963/10/14,57,山梨県,A
190,山下来雅子,ヤマシタコマコ,女,0655323437,559-0011,大阪府,大阪市住之江区,北加賀屋,1-13-16,,2001/12/14,19,奈良県,O
191,木原恵利,キハラエリ,女,0594162649,513-0028,三重県,鈴鹿市,岡田町,4-14-20,,1975/11/07,45,秋田県,A
192,中莉沙,ナカリサ,女,085972075,689-0532,鳥取県,鳥取市,青谷町北河原,3-13-4,,1954/11/12,66,滋賀県,A
193,中田真希,ナカダマキ,女,0859985554,689-3513,鳥取県,米子市,岡成,2-20-18,岡成コーポ216,1979/01/24,41,和歌山県,AB
194,日野瑞樹,ヒノミズキ,女,0433639349,265-0071,千葉県,千葉市若葉区,旦谷町,1-13-10,,2001/04/17,19,神奈川県,O
195,森口和弘,モリグチカズヒロ,男,0184960923,019-1804,秋田県,大仙市,南外西野,2-7-10,,1958/11/26,62,沖縄県,AB
196,寺内栞那,テラウチカンナ,女,0749383315,528-0001,滋賀県,甲賀市,水口町中畑,2-13-3,,1963/05/24,57,愛媛県,O
197,土橋日和,ツチハシヒヨリ,女,0947540627,813-0012,福岡県,福岡市東区,香椎駅東,2-5-8,香椎駅東荘403,1963/07/16,57,群馬県,O
198,妹尾哲美,セノオテツミ,女,0469849135,277-0922,千葉県,柏市,大島田,4-16,,1986/06/24,34,千葉県,O
199,笹川愛花音,ササガワアカネ,女,0274140238,373-0804,群馬県,太田市,沖之郷町,2-17-14,,2007/03/04,13,静岡県,O
200,角利奈,カクリナ,女,0944960923,861-4414,熊本県,下益城郡美里町,椿,2-11-19,,1951/06/16,69,東京都,O
